{
  "gameState" : 1,
  "playerCount" : 5,
  "players" : {
    "Player1" : {
      "health" : 6.203266312519762,
      "name" : "Name",
      "rank" : 0,
      "x" : 643.2964638892062,
      "y" : 699.2817246997743
    },
    "Player2" : {
      "health" : 0.6326544724845395,
      "name" : "Name",
      "rank" : 0,
      "x" : 930.8352146753009,
      "y" : 367.72628903767867
    },
    "Player3" : {
      "health" : 3.574147581053273,
      "name" : "Name3",
      "rank" : 0,
      "x" : 591.3119943883531,
      "y" : 331.1117437577252
    },
    "Player4" : {
      "health" : 7.531831624589794,
      "name" : "Name4",
      "rank" : 0,
      "x" : 1236.548713109223,
      "y" : 190.59059635443487
    },
    "Player5" : {
      "health" : 4.474064243505933,
      "name" : "Name5",
      "rank" : 0,
      "x" : 1381.3754724363228,
      "y" : 386.3631131758371
    }
  }
}
