{
  "gameState" : 1,
  "playerCount" : 5,
  "players" : {
    "Player1" : {
      "health" : 3.948718446641686,
      "name" : "Name",
      "rank" : 0,
      "x" : 892.2180225464353,
      "y" : 668.0322777873776
    },
    "Player2" : {
      "health" : 2.0213711922895072,
      "name" : "Name",
      "rank" : 0,
      "x" : 83.16139988933264,
      "y" : 136.27651281859804
    },
    "Player3" : {
      "health" : 5.0953706994186065,
      "name" : "Name",
      "rank" : 0,
      "x" : 1335.6762093116713,
      "y" : 635.4763710326675
    },
    "Player4" : {
      "health" : 0.49839664582289167,
      "name" : "Name",
      "rank" : 0,
      "x" : 937.012244295721,
      "y" : 523.9405026665818
    },
    "Player5" : {
      "health" : 5.1446237913488435,
      "name" : "Name",
      "rank" : 0,
      "x" : 1526.5921790636817,
      "y" : 201.39918276233357
    }
  }
}
